{
    "intrinsic": [
        2153.82802,
        0.0,
        1043.70067,
        0.0,
        2179.16894,
        844.95175,
        0.0,
        0.0,
        1.0
    ],
    "distortion": [
        1.0,
        -3.9225,
        22.24439,
        -92.07238,
        168.80405
    ],
    "reprojection_error": 0.1152
}